{
  "version": 1,
  "width": 80,
  "height": 24,
  "duration": 30.546052,
  "command": null,
  "title": null,
  "env": {
    "TERM": "xterm-256color",
    "SHELL": "/bin/bash"
  },
  "stdout": [
    [
      0.351626,
      "\u001b]0;picodotdev@archlinux:~/Software/personal/git/blog-ejemplos/JavaExecutors\u0007"
    ],
    [
      0.000459,
      "[\u001b[01;34mpicodotdev\u001b[00m@\u001b[01;35marchlinux\u001b[00m JavaExecutors]$ "
    ],
    [
      1.066344,
      "./gradlew run"
    ],
    [
      0.527985,
      "\r\n"
    ],
    [
      1.098878,
      ":compileJava"
    ],
    [
      0.00843,
      " UP-TO-DATE\r\n"
    ],
    [
      5.6e-05,
      ":compileGroovy"
    ],
    [
      0.00022,
      " "
    ],
    [
      5.6e-05,
      "NO-SOURCE"
    ],
    [
      5.3e-05,
      "\r\n"
    ],
    [
      0.000201,
      ":processResources"
    ],
    [
      9.2e-05,
      " "
    ],
    [
      6.5e-05,
      "NO-SOURCE"
    ],
    [
      3.7e-05,
      "\r\n"
    ],
    [
      0.000183,
      ":classes"
    ],
    [
      7.9e-05,
      " "
    ],
    [
      0.000824,
      "UP-TO-DATE\r\n:run"
    ],
    [
      0.089321,
      "\r\nNumber processors: 4\r\n\r\nSequential\r\n"
    ],
    [
      0.019842,
      "Starting task "
    ],
    [
      0.000376,
      "6a0817dd-aa49-4a84-af5a-99d9e82ebbb7\r\n"
    ],
    [
      2.998777,
      "Starting task "
    ],
    [
      0.000275,
      "af144de0-a426-4fa9-b083-67a0ca328d91"
    ],
    [
      6.4e-05,
      "\r\n"
    ],
    [
      2.998598,
      "Starting task "
    ],
    [
      0.000206,
      "d30edd81-3de1-4146-9524-bfc7fc7faf2e"
    ],
    [
      0.000135,
      "\r\n"
    ],
    [
      2.998443,
      "Starting task "
    ],
    [
      0.000248,
      "51576a21-dd41-41b0-99e6-bea4fed5950d"
    ],
    [
      6.8e-05,
      "\r\n"
    ],
    [
      2.99917,
      "Starting task "
    ],
    [
      0.000227,
      "8d653ac5-79f9-4757-9368-529e52701739"
    ],
    [
      8e-05,
      "\r\n"
    ],
    [
      3.007024,
      "Starting task "
    ],
    [
      0.000246,
      "5847794c-b183-4d29-96a0-5e2b3399c06b"
    ],
    [
      5.8e-05,
      "\r\n"
    ],
    [
      2.997473,
      "Starting task "
    ],
    [
      0.000109,
      "a0a8ee82-ce4c-468c-befb-57e563d2292b"
    ],
    [
      6.4e-05,
      "\r\n"
    ],
    [
      2.999463,
      "Starting task "
    ],
    [
      0.001479,
      "9dcdfb36-bc5e-4d35-9003-163334ee5bd9\r\n"
    ],
    [
      2.998059,
      "6a0817dd-aa49-4a84-af5a-99d9e82ebbb7"
    ],
    [
      0.002814,
      "\r\naf144de0-a426-4fa9-b083-67a0ca328d91\r\nd30edd81-3de1-4146-9524-bfc7fc7faf2e\r\n51576a21-dd41-41b0-99e6-bea4fed5950d\r\n8d653ac5-79f9-4757-9368-529e52701739\r\n5847794c-b183-4d29-96a0-5e2b3399c06b\r\na0a8ee82-ce4c-468c-befb-57e563d2292b"
    ],
    [
      0.00098,
      "\r\n"
    ],
    [
      0.000291,
      "9dcdfb36-bc5e-4d35-9003-163334ee5bd9"
    ],
    [
      0.000192,
      "\r\n"
    ],
    [
      0.000338,
      "Sequential time "
    ],
    [
      0.000921,
      "24018"
    ],
    [
      0.000251,
      " ms"
    ],
    [
      0.000396,
      "\r\n"
    ],
    [
      0.002246,
      "\r\n"
    ],
    [
      9.4e-05,
      "Concurrent with 8 threads"
    ],
    [
      6e-05,
      "\r\n"
    ],
    [
      0.001438,
      "Starting task "
    ],
    [
      0.007044,
      "b1f7021a-1e08-4649-8584-5a2b5ea743e9\r\nStarting task 5d282780-1447-409a-a183-e3d0deda8a56\r\nStarting task 6c356199-213d-422e-a3ac-a0c660de2dbb\r\nStarting task 60e93ed9-3cc8-43e0-ad39-2328ae61e3f6\r\n"
    ],
    [
      0.000101,
      "Starting task "
    ],
    [
      6e-05,
      "bc80024e-56fc-4b95-a34e-4e97401dc64b"
    ],
    [
      7.7e-05,
      "\r\n"
    ],
    [
      8.5e-05,
      "Starting task "
    ],
    [
      8.5e-05,
      "7cf52478-2eb5-44f6-ae2d-aaf52a11095e"
    ],
    [
      8.2e-05,
      "\r\n"
    ],
    [
      0.00042,
      "Starting task 96d79a70-08e8-4e87-ba3d-d4f4b618507d\r\nStarting task e95c209f-5fee-43b6-9f37-a34b4e8476d1\r\n"
    ],
    [
      3.007813,
      "b1f7021a-1e08-4649-8584-5a2b5ea743e9"
    ],
    [
      0.000148,
      "\r\n"
    ],
    [
      0.000215,
      "60e93ed9-3cc8-43e0-ad39-2328ae61e3f6"
    ],
    [
      5.3e-05,
      "\r\n"
    ],
    [
      0.000177,
      "6c356199-213d-422e-a3ac-a0c660de2dbb"
    ],
    [
      0.001963,
      "\r\n5d282780-1447-409a-a183-e3d0deda8a56\r\ne95c209f-5fee-43b6-9f37-a34b4e8476d1\r\nbc80024e-56fc-4b95-a34e-4e97401dc64b\r\n7cf52478-2eb5-44f6-ae2d-aaf52a11095e\r\n96d79a70-08e8-4e87-ba3d-d4f4b618507d\r\nConcurrent time 3025 ms\r\n"
    ],
    [
      0.007963,
      "\r\n"
    ],
    [
      0.000187,
      "BUILD SUCCESSFUL"
    ],
    [
      3e-05,
      " in 28s\r\n"
    ],
    [
      0.000164,
      "2 actionable tasks: 1 executed, 1 up-to-date"
    ],
    [
      2.9e-05,
      "\r\n"
    ],
    [
      0.342248,
      "\u001b]0;picodotdev@archlinux:~/Software/personal/git/blog-ejemplos/JavaExecutors\u0007"
    ],
    [
      0.000399,
      "[\u001b[01;34mpicodotdev\u001b[00m@\u001b[01;35marchlinux\u001b[00m JavaExecutors]$ "
    ]
  ]
}